Workbook

Sheet T
A1: Choose Team
A2: CSK
A3: DC
A4: GT
A5: KKR
A6: LSG
A7: MI
A8: PBKS
A9: RCB
A10: RR
A11: SRH
A14: Player Credit
A15: 1 | B15: A+ | C15: 150
A16: 2 | B16: A | C16: 120
A17: 3 | B17: B | C17: 90
A18: 4 | B18: C | C18: 50
A19: 5 | B19: D | C19: 30
A22: Choose Role
A23: WK/AR
A24: BATTER
A25: BOWLER
A27: NO DATA
A30: SuperStar Values
A31: ='IPL 2025 Entry Form'!D4 -> NO DATA
A32: ='IPL 2025 Entry Form'!D6 -> NO DATA
A33: ='IPL 2025 Entry Form'!D8 -> NO DATA
A34: ='IPL 2025 Entry Form'!D10 -> NO DATA
A35: ='IPL 2025 Entry Form'!D12 -> NO DATA
A36: ='IPL 2025 Entry Form'!D14 -> NO DATA
A37: ='IPL 2025 Entry Form'!D16 -> NO DATA
A38: ='IPL 2025 Entry Form'!D18 -> NO DATA
A39: ='IPL 2025 Entry Form'!D20 -> NO DATA
A40: ='IPL 2025 Entry Form'!D22 -> NO DATA

Sheet IPL 2025 Entry Form
B2: Your CricFun IPL Team
B3: Player | C3: Team | D3: Player Name | E3: Player Credit | F3: Points
B4: Player 1 | C4: Choose Team | D4: NO DATA | E4: =IF(ISERROR(VLOOKUP(D4,FullList!B:D,2,FALSE)),"Nil",VLOOKUP(D4,FullList!B:D,2,FALSE)) -> Nil | F4: =IF(ISERROR(VLOOKUP(D4,FullList!B:D,3,FALSE)),0,VLOOKUP(D4,FullList!B:D,3,FALSE)) -> 0
B6: Player 2 | C6: Choose Team | D6: NO DATA | E6: =IF(ISERROR(VLOOKUP(D6,FullList!B:D,2,FALSE)),"Nil",VLOOKUP(D6,FullList!B:D,2,FALSE)) -> Nil | F6: =IF(ISERROR(VLOOKUP(D6,FullList!B:D,3,FALSE)),0,VLOOKUP(D6,FullList!B:D,3,FALSE)) -> 0 | I6: =CLEAN(I3)
H7: Score Credit
B8: Player 3 | C8: Choose Team | D8: NO DATA | E8: =IF(ISERROR(VLOOKUP(D8,FullList!B:D,2,FALSE)),"Nil",VLOOKUP(D8,FullList!B:D,2,FALSE)) -> Nil | F8: =IF(ISERROR(VLOOKUP(D8,FullList!B:D,3,FALSE)),0,VLOOKUP(D8,FullList!B:D,3,FALSE)) -> 0 | H8: 1 | I8: A+ | J8: 150
H9: 2 | I9: A | J9: 120
B10: Player 4 | C10: Choose Team | D10: NO DATA | E10: =IF(ISERROR(VLOOKUP(D10,FullList!B:D,2,FALSE)),"Nil",VLOOKUP(D10,FullList!B:D,2,FALSE)) -> Nil | F10: =IF(ISERROR(VLOOKUP(D10,FullList!B:D,3,FALSE)),0,VLOOKUP(D10,FullList!B:D,3,FALSE)) -> 0 | H10: 3 | I10: B | J10: 90
H11: 4 | I11: C | J11: 50
B12: Player 5 | C12: Choose Team | D12: NO DATA | E12: =IF(ISERROR(VLOOKUP(D12,FullList!B:D,2,FALSE)),"Nil",VLOOKUP(D12,FullList!B:D,2,FALSE)) -> Nil | F12: =IF(ISERROR(VLOOKUP(D12,FullList!B:D,3,FALSE)),0,VLOOKUP(D12,FullList!B:D,3,FALSE)) -> 0
B14: Player 6 | C14: Choose Team | D14: NO DATA | E14: =IF(ISERROR(VLOOKUP(D14,FullList!B:D,2,FALSE)),"Nil",VLOOKUP(D14,FullList!B:D,2,FALSE)) -> Nil | F14: =IF(ISERROR(VLOOKUP(D14,FullList!B:D,3,FALSE)),0,VLOOKUP(D14,FullList!B:D,3,FALSE)) -> 0
B16: Player 7 | C16: Choose Team | D16: NO DATA | E16: =IF(ISERROR(VLOOKUP(D16,FullList!B:D,2,FALSE)),"Nil",VLOOKUP(D16,FullList!B:D,2,FALSE)) -> Nil | F16: =IF(ISERROR(VLOOKUP(D16,FullList!B:D,3,FALSE)),0,VLOOKUP(D16,FullList!B:D,3,FALSE)) -> 0
B18: Player 8 | C18: Choose Team | D18: NO DATA | E18: =IF(ISERROR(VLOOKUP(D18,FullList!B:D,2,FALSE)),"Nil",VLOOKUP(D18,FullList!B:D,2,FALSE)) -> Nil | F18: =IF(ISERROR(VLOOKUP(D18,FullList!B:D,3,FALSE)),0,VLOOKUP(D18,FullList!B:D,3,FALSE)) -> 0
B20: Player 9 | C20: Choose Team | D20: NO DATA | E20: =IF(ISERROR(VLOOKUP(D20,FullList!B:D,2,FALSE)),"Nil",VLOOKUP(D20,FullList!B:D,2,FALSE)) -> Nil | F20: =IF(ISERROR(VLOOKUP(D20,FullList!B:D,3,FALSE)),0,VLOOKUP(D20,FullList!B:D,3,FALSE)) -> 0
B22: Player 10 | C22: Choose Team | D22: NO DATA | E22: =IF(ISERROR(VLOOKUP(D22,FullList!B:D,2,FALSE)),"Nil",VLOOKUP(D22,FullList!B:D,2,FALSE)) -> Nil | F22: =IF(ISERROR(VLOOKUP(D22,FullList!B:D,3,FALSE)),0,VLOOKUP(D22,FullList!B:D,3,FALSE)) -> 0
B24: Player 11 | C24: SUPERSTAR | D24: NO DATA
B26: Select TOP 1 Team at end of phase 1 | D26: Choose Team
E28: Total Credits | F28: =SUM(F4:F23) -> 0

Sheet Rules
A1: Rules and Points Details:
A2: 2.1) The players creddits are mentioned in second Sheet(P) of this excel which can be referred for chosing your team
A3: 2.2) Each participant will be awarded with 1130 credit points and has to create a team of 10 star players within the available credits( which can be any combination of teams from existing IPL franchise (2026) and 1 super star player(among the star players selected).
A4: 2.3) To create a team, Click first sheet (IPL 2025 Entry Form) of the excel. Select the "Choose Team" drop down to select the franchise and then select appropriate "Player Name". Your player credit will be auto populated and make sure your total credit points should not exceed more than 1130. Once you are done with star player selection, choose your super star player with me.
A5: 2.4) For the star player points, please check our whatsapp group description
A6: 3) Points system is purely based on information present in cricbuzz.com site. It should not be referred in any other sites.
A7: 5) Points scored in super over will not be awarded to players
A8: 8) Players cannot be able to modify the team once consolidated sheet is shared to all.
A9: 11, Below are the star player points split for every match. Topper of Phase 1: 20 points for the team reaching top 1 Batting: On reaching 20 runs: 1 point On reaching 40 runs: 2 points On reaching 60 runs: 6 points (points doubled for scoring 60) On reaching 80 runs: 12 points (points tripled for scoring 80) On reaching 100 runs: 15 points (triple) On reaching 120 runs: 18 points (triple) On reaching 140 runs: 21 points (triple) On reaching 160 runs: 32 points (quadruple) and so on Bowling: For every wicket: 1 point On taking 2 wickets: 2 points On taking 3 wickets: 6 points (points doubled for 3 wickets haul) On taking 4 wickets: 12 points (points tripled for 4 wickets haul) On taking 5 wickets: 15 points (triple) On taking 6 wickets: 18 points (triple) On taking 7 wickets: 21 points (triple) On taking 8 wickets: 32 points (quadruple) and so on Fielding: (same rules will apply to wicket keeping) Catch: 1 point; Stumping: 1 point; Run Out: 1 point On taking 5 points in fielding: 10 points (points doubled for 5 points)

Sheet CSK
A1: CSK | B1: Chennai Super Kings (CSK) | C1: Ruturaj Gaikwad (A+) | D1: A+ | E1: 150
A2: CSK | B2: Chennai Super Kings (CSK) | C2: Ayush Mhatre (B) | D2: B | E2: 90
A3: CSK | B3: Chennai Super Kings (CSK) | C3: M.S. Dhoni (B) | D3: B | E3: 90
A4: CSK | B4: Chennai Super Kings (CSK) | C4: Sanju Samson (A+) | D4: A+ | E4: 150
A5: CSK | B5: Chennai Super Kings (CSK) | C5: Dewald Brevis (A) | D5: A | E5: 120
A6: CSK | B6: Chennai Super Kings (CSK) | C6: Urvil Patel (C) | D6: C | E6: 50
A7: CSK | B7: Chennai Super Kings (CSK) | C7: Shivam Dube (A+) | D7: A+ | E7: 150
A8: CSK | B8: Chennai Super Kings (CSK) | C8: Jamie Overton (C) | D8: C | E8: 50
A9: CSK | B9: Chennai Super Kings (CSK) | C9: Ramakrishna Ghosh (C) | D9: C | E9: 50
A10: CSK | B10: Chennai Super Kings (CSK) | C10: Noor Ahmad (A) | D10: A | E10: 120
A11: CSK | B11: Chennai Super Kings (CSK) | C11: Khaleel Ahmed (B) | D11: B | E11: 90
A12: CSK | B12: Chennai Super Kings (CSK) | C12: Anshul Kamboj (C) | D12: C | E12: 50
... A25: CSK | B25: Chennai Super Kings (CSK) | C25: Zak Foulkes (C) | D25: C | E25: 50

Sheet DC
A1: DC | B1: Delhi Capitals (DC) | C1: Nitish Rana (B) | D1: B | E1: 90
A2: DC | B2: Delhi Capitals (DC) | C2: Abishek Porel (B) | D2: B | E2: 90
A3: DC | B3: Delhi Capitals (DC) | C3: Ajay Mandal (C) | D3: C | E3: 50
A4: DC | B4: Delhi Capitals (DC) | C4: Ashutosh Sharma (C) | D4: C | E4: 50
A5: DC | B5: Delhi Capitals (DC) | C5: Axar Patel (A) | D5: A | E5: 120
A6: DC | B6: Delhi Capitals (DC) | C6: Dushmantha Chameera (C) | D6: C | E6: 50
A7: DC | B7: Delhi Capitals (DC) | C7: Karun Nair (C) | D7: C | E7: 50
A8: DC | B8: Delhi Capitals (DC) | C8: KL Rahul (A+) | D8: A+ | E8: 150
A9: DC | B9: Delhi Capitals (DC) | C9: Kuldeep Yadav (A) | D9: A | E9: 120
A10: DC | B10: Delhi Capitals (DC) | C10: Madhav Tiwari (C) | D10: C | E10: 50
A11: DC | B11: Delhi Capitals (DC) | C11: Mitchell Starc (B) | D11: B | E11: 90
A12: DC | B12: Delhi Capitals (DC) | C12: Sameer Rizvi (C) | D12: C | E12: 50
... A24: DC | B24: Delhi Capitals (DC) | C24: Kyle Jamieson (B) | D24: B | E24: 90

Sheet GT
A1: GT | B1: Gujarat Titans (GT) | C1: Shubman Gill (A+) | D1: A+ | E1: 150
A2: GT | B2: Gujarat Titans (GT) | C2: Sai Sudharsan (A) | D2: A | E2: 120
A3: GT | B3: Gujarat Titans (GT) | C3: Kumar Kushagra (C) | D3: C | E3: 50
A4: GT | B4: Gujarat Titans (GT) | C4: Anuj Rawat (C) | D4: C | E4: 50
A5: GT | B5: Gujarat Titans (GT) | C5: Jos Buttler (A+) | D5: A+ | E5: 150
A6: GT | B6: Gujarat Titans (GT) | C6: Nishant Sindhu (C) | D6: C | E6: 50
A7: GT | B7: Gujarat Titans (GT) | C7: Washington Sundar (B) | D7: B | E7: 90
A8: GT | B8: Gujarat Titans (GT) | C8: Glenn Phillips (B) | D8: B | E8: 90
A9: GT | B9: Gujarat Titans (GT) | C9: Arshad Khan (C) | D9: C | E9: 50
A10: GT | B10: Gujarat Titans (GT) | C10: Shahrukh Khan (B) | D10: B | E10: 90
A11: GT | B11: Gujarat Titans (GT) | C11: Rahul Tewatia (B) | D11: B | E11: 90
A12: GT | B12: Gujarat Titans (GT) | C12: Kagiso Rabada (A) | D12: A | E12: 120
... A25: GT | B25: Gujarat Titans (GT) | C25: Luke Wood (C) | D25: C | E25: 50

Sheet KKR
A1: KKR | B1: Kolkata Knight Riders (KKR) | C1: Ajinkya Rahane (B) | D1: B | E1: 90
A2: KKR | B2: Kolkata Knight Riders (KKR) | C2: Angkrish Raghuvanshi (B) | D2: B | E2: 90
A3: KKR | B3: Kolkata Knight Riders (KKR) | C3: Anukul Roy (C) | D3: C | E3: 50
A4: KKR | B4: Kolkata Knight Riders (KKR) | C4: Harshit Rana (B) | D4: B | E4: 90
A5: KKR | B5: Kolkata Knight Riders (KKR) | C5: Manish Pandey (C) | D5: C | E5: 50
A6: KKR | B6: Kolkata Knight Riders (KKR) | C6: Ramandeep Singh (B) | D6: B | E6: 90
A7: KKR | B7: Kolkata Knight Riders (KKR) | C7: Rinku Singh (A) | D7: A | E7: 120
A8: KKR | B8: Kolkata Knight Riders (KKR) | C8: Rovman Powell (C) | D8: C | E8: 50
A9: KKR | B9: Kolkata Knight Riders (KKR) | C9: Sunil Narine (A) | D9: A | E9: 120
A10: KKR | B10: Kolkata Knight Riders (KKR) | C10: Umran Malik (C) | D10: C | E10: 50
A11: KKR | B11: Kolkata Knight Riders (KKR) | C11: Vaibhav Arora (C) | D11: C | E11: 50
A12: KKR | B12: Kolkata Knight Riders (KKR) | C12: Varun Chakravarthy (A+) | D12: A+ | E12: 150
... A24: KKR | B24: Kolkata Knight Riders (KKR) | C24: Akash Deep (B) | D24: B | E24: 90

Sheet LSG
A1: LSG | B1: Lucknow Super Giants (LSG) | C1: Abdul Samad (B) | D1: B | E1: 90
A2: LSG | B2: Lucknow Super Giants (LSG) | C2: Ayush Badoni (B) | D2: B | E2: 90
A3: LSG | B3: Lucknow Super Giants (LSG) | C3: Aiden Markram (A) | D3: A | E3: 120
A4: LSG | B4: Lucknow Super Giants (LSG) | C4: Matthew Breetzke (C) | D4: C | E4: 50
A5: LSG | B5: Lucknow Super Giants (LSG) | C5: Himmat Singh (C) | D5: C | E5: 50
A6: LSG | B6: Lucknow Super Giants (LSG) | C6: Rishabh Pant (A+) | D6: A+ | E6: 150
A7: LSG | B7: Lucknow Super Giants (LSG) | C7: Nicholas Pooran (A+) | D7: A+ | E7: 150
A8: LSG | B8: Lucknow Super Giants (LSG) | C8: Mitchell Marsh (A) | D8: A | E8: 120
A9: LSG | B9: Lucknow Super Giants (LSG) | C9: Shahbaz Ahmed (C) | D9: C | E9: 50
A10: LSG | B10: Lucknow Super Giants (LSG) | C10: Arshin Kulkarni (C) | D10: C | E10: 50
A11: LSG | B11: Lucknow Super Giants (LSG) | C11: Mayank Yadav (A) | D11: A | E11: 120
A12: LSG | B12: Lucknow Super Giants (LSG) | C12: Avesh Khan (A) | D12: A | E12: 120
... A25: LSG | B25: Lucknow Super Giants (LSG) | C25: Josh Inglis (B) | D25: B | E25: 90

Sheet MI
A1: MI | B1: Mumbai Indians (MI) | C1: Hardik Pandya (A+) | D1: A+ | E1: 150
A2: MI | B2: Mumbai Indians (MI) | C2: Rohit Sharma (B) | D2: B | E2: 90
A3: MI | B3: Mumbai Indians (MI) | C3: Suryakumar Yadav (A+) | D3: A+ | E3: 150
A4: MI | B4: Mumbai Indians (MI) | C4: Tilak Varma (A) | D4: A | E4: 120
A5: MI | B5: Mumbai Indians (MI) | C5: Ryan Rickleton (A) | D5: A | E5: 120
A6: MI | B6: Mumbai Indians (MI) | C6: Robin Minz (C) | D6: C | E6: 50
A7: MI | B7: Mumbai Indians (MI) | C7: Raj Bawa (C) | D7: C | E7: 50
A8: MI | B8: Mumbai Indians (MI) | C8: Raghu Sharma (C) | D8: C | E8: 50
A9: MI | B9: Mumbai Indians (MI) | C9: Mitchell Santner (B) | D9: B | E9: 90
A10: MI | B10: Mumbai Indians (MI) | C10: Corbin Bosch (C) | D10: C | E10: 50
A11: MI | B11: Mumbai Indians (MI) | C11: Naman Dhir (B) | D11: B | E11: 90
A12: MI | B12: Mumbai Indians (MI) | C12: Jasprit Bumrah (A+) | D12: A+ | E12: 150
... A25: MI | B25: Mumbai Indians (MI) | C25: Mayank Rawat (C) | D25: C | E25: 50

Sheet PKBS
A1: PBKS | B1: Punjab Kings (PBKS) | C1: Prabhsimran Singh (B) | D1: B | E1: 90
A2: PBKS | B2: Punjab Kings (PBKS) | C2: Priyansh Arya (A) | D2: A | E2: 120
A3: PBKS | B3: Punjab Kings (PBKS) | C3: Shreyas Iyer (A+) | D3: A+ | E3: 150
A4: PBKS | B4: Punjab Kings (PBKS) | C4: Shashank Singh (B) | D4: B | E4: 90
A5: PBKS | B5: Punjab Kings (PBKS) | C5: Nehal Wadhera (B) | D5: B | E5: 90
A6: PBKS | B6: Punjab Kings (PBKS) | C6: Marcus Stoinis (A) | D6: A | E6: 120
A7: PBKS | B7: Punjab Kings (PBKS) | C7: Azmatullah Omarzai (B) | D7: B | E7: 90
A8: PBKS | B8: Punjab Kings (PBKS) | C8: Marco Jansen (B) | D8: B | E8: 90
A9: PBKS | B9: Punjab Kings (PBKS) | C9: Harpreet Brar (C) | D9: C | E9: 50
A10: PBKS | B10: Punjab Kings (PBKS) | C10: Yuzvendra Chahal (B) | D10: B | E10: 90
A11: PBKS | B11: Punjab Kings (PBKS) | C11: Arshdeep Singh (A+) | D11: A+ | E11: 150
A12: PBKS | B12: Punjab Kings (PBKS) | C12: Musheer Khan (C) | D12: C | E12: 50
... A25: PBKS | B25: Punjab Kings (PBKS) | C25: Vishal Nishad (C) | D25: C | E25: 50

Sheet RR
A1: RR | B1: Rajasthan Royals (RR) | C1: Ravindra Jadeja (A+) | D1: A+ | E1: 150
A2: RR | B2: Rajasthan Royals (RR) | C2: Sam Curran (B) | D2: B | E2: 90
A3: RR | B3: Rajasthan Royals (RR) | C3: Donovan Ferreira (C) | D3: C | E3: 50
A4: RR | B4: Rajasthan Royals (RR) | C4: Sandeep Sharma (B) | D4: B | E4: 90
A5: RR | B5: Rajasthan Royals (RR) | C5: Shubham Dubey (C) | D5: C | E5: 50
A6: RR | B6: Rajasthan Royals (RR) | C6: Vaibhav Suryavanshi (A) | D6: A | E6: 120
A7: RR | B7: Rajasthan Royals (RR) | C7: Lhuan-Dre Pretorius (C) | D7: C | E7: 50
A8: RR | B8: Rajasthan Royals (RR) | C8: Shimron Hetmyer (A) | D8: A | E8: 120
A9: RR | B9: Rajasthan Royals (RR) | C9: Yashasvi Jaiswal (A+) | D9: A+ | E9: 150
A10: RR | B10: Rajasthan Royals (RR) | C10: Dhruv Jurel (B) | D10: B | E10: 90
A11: RR | B11: Rajasthan Royals (RR) | C11: Riyan Parag (A) | D11: A | E11: 120
A12: RR | B12: Rajasthan Royals (RR) | C12: Yudhvir Singh Charak (C) | D12: C | E12: 50
... A25: RR | B25: Rajasthan Royals (RR) | C25: Kuldeep Sen (C) | D25: C | E25: 50

Sheet RCB
A1: RCB | B1: Royal Challengers Bangalore (RCB) | C1: Rajat Patidar (A) | D1: A | E1: 120
A2: RCB | B2: Royal Challengers Bangalore (RCB) | C2: Virat Kohli (A+) | D2: A+ | E2: 150
A3: RCB | B3: Royal Challengers Bangalore (RCB) | C3: Devdutt Padikkal (B) | D3: B | E3: 90
A4: RCB | B4: Royal Challengers Bangalore (RCB) | C4: Phil Salt (A) | D4: A | E4: 120
A5: RCB | B5: Royal Challengers Bangalore (RCB) | C5: Jitesh Sharma (A) | D5: A | E5: 120
A6: RCB | B6: Royal Challengers Bangalore (RCB) | C6: Krunal Pandya (B) | D6: B | E6: 90
A7: RCB | B7: Royal Challengers Bangalore (RCB) | C7: Swapnil Singh (C) | D7: C | E7: 50
A8: RCB | B8: Royal Challengers Bangalore (RCB) | C8: Tim David (B) | D8: B | E8: 90
A9: RCB | B9: Royal Challengers Bangalore (RCB) | C9: Romario Shepherd (B) | D9: B | E9: 90
A10: RCB | B10: Royal Challengers Bangalore (RCB) | C10: Jacob Bethell (C) | D10: C | E10: 50
A11: RCB | B11: Royal Challengers Bangalore (RCB) | C11: Josh Hazlewood (A) | D11: A | E11: 120
A12: RCB | B12: Royal Challengers Bangalore (RCB) | C12: Yash Dayal (B) | D12: B | E12: 90
... A25: RCB | B25: Royal Challengers Bangalore (RCB) | C25: Kanishk Chouhan (C) | D25: C | E25: 50

Sheet SRH
A1: SRH | B1: Sunrisers Hyderabad (SRH) | C1: Pat Cummins (B) | D1: B | E1: 90
A2: SRH | B2: Sunrisers Hyderabad (SRH) | C2: Travis Head (A+) | D2: A+ | E2: 150
A3: SRH | B3: Sunrisers Hyderabad (SRH) | C3: Abhishek Sharma (A+) | D3: A+ | E3: 150
A4: SRH | B4: Sunrisers Hyderabad (SRH) | C4: Aniket Verma (C) | D4: C | E4: 50
A5: SRH | B5: Sunrisers Hyderabad (SRH) | C5: R. Smaran (C) | D5: C | E5: 50
A6: SRH | B6: Sunrisers Hyderabad (SRH) | C6: Ishan Kishan (A+) | D6: A+ | E6: 150
A7: SRH | B7: Sunrisers Hyderabad (SRH) | C7: Heinrich Klaasen (A) | D7: A | E7: 120
A8: SRH | B8: Sunrisers Hyderabad (SRH) | C8: Nitish Kumar Reddy (B) | D8: B | E8: 90
A9: SRH | B9: Sunrisers Hyderabad (SRH) | C9: Harsh Dubey (C) | D9: C | E9: 50
A10: SRH | B10: Sunrisers Hyderabad (SRH) | C10: Kamindu Mendis (C) | D10: C | E10: 50
A11: SRH | B11: Sunrisers Hyderabad (SRH) | C11: Harshal Patel (B) | D11: B | E11: 90
A12: SRH | B12: Sunrisers Hyderabad (SRH) | C12: Brydon Carse (C) | D12: C | E12: 50
... A25: SRH | B25: Sunrisers Hyderabad (SRH) | C25: Jack Edwards (C) | D25: C | E25: 50

Sheet FullList
A1: Teams | B1: Names | C1: Class | D1: Credits
A2: Chennai Super Kings | B2: Ruturaj Gaikwad (A+) | C2: A+ | D2: 150
A3: Chennai Super Kings | B3: Ayush Mhatre (B) | C3: B | D3: 90
A4: Chennai Super Kings | B4: M.S. Dhoni (B) | C4: B | D4: 90
A5: Chennai Super Kings | B5: Sanju Samson (A+) | C5: A+ | D5: 150
A6: Chennai Super Kings | B6: Dewald Brevis (A) | C6: A | D6: 120
A7: Chennai Super Kings | B7: Urvil Patel (C) | C7: C | D7: 50
A8: Chennai Super Kings | B8: Shivam Dube (A+) | C8: A+ | D8: 150
A9: Chennai Super Kings | B9: Jamie Overton (C) | C9: C | D9: 50
A10: Chennai Super Kings | B10: Ramakrishna Ghosh (C) | C10: C | D10: 50
A11: Chennai Super Kings | B11: Noor Ahmad (A) | C11: A | D11: 120
A12: Chennai Super Kings | B12: Khaleel Ahmed (B) | C12: B | D12: 90
A13: Chennai Super Kings | B13: Anshul Kamboj (C) | C13: C | D13: 50
... A249: Sunrisers Hyderabad | B249: Jack Edwards (C) | C249: C | D249: 50
